{
  "module_names": [
    {
      "branches": 10,
      "branches_missing": 5,
      "branches_partial": 1,
      "coverage": 57.89473684210526,
      "lines": [
        3,
        7,
        8,
        10,
        11,
        12,
        13,
        14,
        16,
        17,
        19,
        21,
        22,
        23,
        25,
        26,
        27,
        29,
        31,
        33,
        34,
        36,
        37,
        39,
        42,
        44,
        46,
        48,
        49,
        50,
        52,
        53,
        55,
        57,
        58,
        59,
        60,
        61
      ],
      "lines_not_covered": [
        21,
        22,
        23,
        25,
        26,
        27,
        29,
        33,
        34,
        36,
        37,
        39,
        58,
        59,
        60,
        61
      ],
      "module": "port_scanner",
      "sum_lines": 38,
      "sum_lines_not_covered": 16
    },
    {
      "branches": 0,
      "branches_missing": 0,
      "branches_partial": 0,
      "coverage": 100,
      "lines": [],
      "lines_not_covered": [],
      "module": "__init__",
      "sum_lines": 0,
      "sum_lines_not_covered": 0
    }
  ],
  "overall_branch_coverage": 50.0,
  "overall_branch_partial_coverage": 90.0,
  "overall_coverage": 57.89473684210526
}